model_family,val_accuracy,val_precision_macro,val_recall_macro,val_f1_macro,val_roc_auc,test_accuracy,test_precision_macro,test_recall_macro,test_f1_macro,test_roc_auc,train_time_sec,inference_per_sample_ms,best_params
MLPClassifier,0.9007366440242335,0.8686560085768529,0.8319060689908867,0.8491196589892359,0.9907521802686031,0.9009202313199927,0.8639506445600119,0.8340818494556282,0.847687973149512,0.9908146849911786,190.02245269799982,0.004222542384798991,"{""alpha"": 0.0001, ""hidden_layer_sizes"": [256, 128], ""learning_rate_init"": 0.001, ""max_iter"": 120}"
LogisticRegression,0.724148613915917,0.5888786945709509,0.5061259864065966,0.5260776457469378,0.9366121935417786,0.7226110703139342,0.5956286234404251,0.5067659292656889,0.5283664793406195,0.9356400718139846,12.351232975999892,0.00019658707338905492,"{""C"": 3.0, ""max_iter"": 300, ""solver"": ""lbfgs""}"
